Gene_set,Term,Overlap,P-value,Adjusted P-value,Old P-value,Old Adjusted P-value,Odds Ratio,Combined Score,Genes
KEGG_2021_Human,Allograft rejection,10/38,8.766235992319569e-14,1.463961410717368e-11,0,0,54.06488549618321,1625.4761249196808,HLA-DMA;HLA-DMB;PRF1;HLA-DPB1;GZMB;HLA-DOB;HLA-DQA1;HLA-DRB1;HLA-DPA1;HLA-DQB1
KEGG_2021_Human,Graft-versus-host disease,10/42,2.66424852542488e-13,1.921024417994057e-11,0,0,47.29723282442748,1369.429141326251,HLA-DMA;HLA-DMB;PRF1;HLA-DPB1;GZMB;HLA-DOB;HLA-DQA1;HLA-DRB1;HLA-DPA1;HLA-DQB1
KEGG_2021_Human,Type I diabetes mellitus,10/43,3.450942068252797e-13,1.921024417994057e-11,0,0,45.8616701364793,1315.9987420315138,HLA-DMA;HLA-DMB;PRF1;HLA-DPB1;GZMB;HLA-DOB;HLA-DQA1;HLA-DRB1;HLA-DPA1;HLA-DQB1
KEGG_2021_Human,Th17 cell differentiation,13/107,6.232486140771317e-13,2.602062963772025e-11,0,0,21.35513630319149,600.161139430461,HSP90AA1;RORA;IL27RA;ZAP70;HLA-DMA;HLA-DMB;HLA-DPB1;CD247;HLA-DOB;HLA-DQA1;HLA-DRB1;HLA-DPA1;HLA-DQB1
KEGG_2021_Human,Autoimmune thyroid disease,10/53,3.306238993440755e-12,1.1042838238092122e-10,0,0,35.17841292384165,929.9487270692368,HLA-DMA;HLA-DMB;PRF1;HLA-DPB1;GZMB;HLA-DOB;HLA-DQA1;HLA-DRB1;HLA-DPA1;HLA-DQB1
KEGG_2021_Human,Hematopoietic cell lineage,12/99,5.134460023316298e-12,1.4290913731563694e-10,0,0,21.14087142475274,549.5579343458736,CD2;HLA-DMA;HLA-DMB;CD19;HLA-DPB1;CD37;HLA-DOB;MS4A1;HLA-DQA1;HLA-DRB1;HLA-DPA1;HLA-DQB1
KEGG_2021_Human,Asthma,8/31,3.4353321103343636e-11,8.195720891797698e-10,0,0,51.87577639751553,1249.9116821903835,HLA-DMA;HLA-DMB;HLA-DPB1;HLA-DOB;HLA-DQA1;HLA-DRB1;HLA-DPA1;HLA-DQB1
KEGG_2021_Human,Rheumatoid arthritis,11/93,5.3638914845066514e-11,1.1197123473907636e-09,0,0,20.4077861163227,482.6185561657111,HLA-DMA;HLA-DMB;CCL5;HLA-DPB1;LTB;ATP6V0E2;HLA-DOB;HLA-DQA1;HLA-DRB1;HLA-DPA1;HLA-DQB1
KEGG_2021_Human,Leishmaniasis,10/77,1.6117592175940076e-10,2.9907087704244367e-09,0,0,22.549846188902816,508.4657629993629,FCGR3A;HLA-DMA;HLA-DMB;PRKCB;HLA-DPB1;HLA-DOB;HLA-DQA1;HLA-DRB1;HLA-DPA1;HLA-DQB1
KEGG_2021_Human,Antigen processing and presentation,10/78,1.83777787571544e-10,3.069089052444785e-09,0,0,22.217108217332736,498.04744150318606,PDIA3;HSP90AA1;HLA-DMA;HLA-DMB;HLA-DPB1;HLA-DOB;HLA-DQA1;HLA-DRB1;HLA-DPA1;HLA-DQB1
KEGG_2021_Human,Viral myocarditis,9/60,3.622479791683117e-10,5.499582956464369e-09,0,0,26.48128342245989,575.6684670858565,HLA-DMA;HLA-DMB;PRF1;HLA-DPB1;HLA-DOB;HLA-DQA1;HLA-DRB1;HLA-DPA1;HLA-DQB1
KEGG_2021_Human,Inflammatory bowel disease,9/65,7.603486798910386e-10,1.0581519128483621e-08,0,0,24.110795454545453,506.2602551577269,HLA-DMA;HLA-DMB;HLA-DPB1;RORA;HLA-DOB;HLA-DQA1;HLA-DRB1;HLA-DPA1;HLA-DQB1
KEGG_2021_Human,Th1 and Th2 cell differentiation,10/92,9.686768815200118e-10,1.2443772247218612e-08,0,0,18.410910444982317,382.1201035483175,ZAP70;HLA-DMA;HLA-DMB;HLA-DPB1;CD247;HLA-DOB;HLA-DQA1;HLA-DRB1;HLA-DPA1;HLA-DQB1
KEGG_2021_Human,Intestinal immune network for IgA production,8/48,1.485909671686453e-09,1.7724779655116977e-08,0,0,29.803007518796992,605.8128471780375,HLA-DMA;HLA-DMB;HLA-DPB1;HLA-DOB;HLA-DQA1;HLA-DRB1;HLA-DPA1;HLA-DQB1
KEGG_2021_Human,Epstein-Barr virus infection,13/202,1.9686569460340908e-09,2.1917713999179546e-08,0,0,10.570023148148149,211.88577796516256,PDIA3;HLA-DMA;HLA-DMB;CD19;BTK;BLNK;HLA-DPB1;CD247;HLA-DOB;HLA-DQA1;HLA-DRB1;HLA-DPA1;HLA-DQB1
KEGG_2021_Human,Cell adhesion molecules,11/148,8.090458333220039e-09,8.444415885298416e-08,0,0,12.180909601347558,226.9617781401317,CD2;HLA-DMA;HLA-DMB;SELL;HLA-DPB1;TIGIT;HLA-DOB;HLA-DQA1;HLA-DRB1;HLA-DPA1;HLA-DQB1
KEGG_2021_Human,Staphylococcus aureus infection,9/95,2.3378370927707037e-08,2.29658114407475e-07,0,0,15.676268498942918,275.454839620824,FCGR3A;HLA-DMA;HLA-DMB;HLA-DPB1;HLA-DOB;HLA-DQA1;HLA-DRB1;HLA-DPA1;HLA-DQB1
KEGG_2021_Human,Phagosome,10/152,1.2589063673931262e-07,1.1679853519702894e-06,0,0,10.599397914202774,168.4016682041555,FCGR3A;HLA-DMA;HLA-DMB;HLA-DPB1;ATP6V0E2;HLA-DOB;HLA-DQA1;HLA-DRB1;HLA-DPA1;HLA-DQB1
KEGG_2021_Human,Influenza A,10/172,3.986359987338595e-07,3.5038006204502386e-06,0,0,9.281406088021864,136.76353388882288,HLA-DMA;HLA-DMB;PRKCB;CCL5;HLA-DPB1;HLA-DOB;HLA-DQA1;HLA-DRB1;HLA-DPA1;HLA-DQB1
KEGG_2021_Human,Systemic lupus erythematosus,9/135,4.902056888356248e-07,4.093217501777467e-06,0,0,10.678030303030305,155.13513069947388,FCGR3A;HLA-DMA;HLA-DMB;HLA-DPB1;HLA-DOB;HLA-DQA1;HLA-DRB1;HLA-DPA1;HLA-DQB1
KEGG_2021_Human,Toxoplasmosis,8/112,1.2822495566982812e-06,1.0196936950886331e-05,0,0,11.42567958357432,155.0109901455519,HLA-DMA;HLA-DMB;HLA-DPB1;HLA-DOB;HLA-DQA1;HLA-DRB1;HLA-DPA1;HLA-DQB1
KEGG_2021_Human,B cell receptor signaling pathway,7/81,1.677278529369592e-06,1.2732068836578266e-05,0,0,13.966821298910851,185.735510433004,CD79B;CD79A;CD72;PRKCB;CD19;BLNK;BTK
KEGG_2021_Human,Natural killer cell mediated cytotoxicity,8/131,4.1695224490636444e-06,3.0274358651896896e-05,0,0,9.651445687389204,119.55930108068968,ZAP70;FCGR3A;NCR3;PRKCB;SH2D1A;PRF1;GZMB;CD247
KEGG_2021_Human,Tuberculosis,9/180,5.355046398302933e-06,3.726219785485791e-05,0,0,7.850079744816587,95.28011673892895,FCGR3A;HLA-DMA;HLA-DMB;HLA-DPB1;HLA-DOB;HLA-DQA1;HLA-DRB1;HLA-DPA1;HLA-DQB1
KEGG_2021_Human,Primary immunodeficiency,5/38,6.750679446444044e-06,4.5094538702246215e-05,0,0,22.08778966131907,262.9742948537932,CD79A;ZAP70;CD19;BLNK;BTK
KEGG_2021_Human,NF-kappa B signaling pathway,7/104,8.956204537095342e-06,5.752639068057393e-05,0,0,10.642714263732882,123.70201352124184,ZAP70;PARP1;PRKCB;CCL4;BTK;BLNK;LTB
KEGG_2021_Human,Human T-cell leukemia virus 1 infection,8/219,0.0001654611975589394,0.0010234081478645,0,0,5.601111784199836,48.76761359384536,HLA-DMA;HLA-DMB;HLA-DPB1;HLA-DOB;HLA-DQA1;HLA-DRB1;HLA-DPA1;HLA-DQB1
KEGG_2021_Human,Cytokine-cytokine receptor interaction,9/295,0.00025024430619747287,0.0014925285405349,0,0,4.666163382072473,38.69683305577339,IL32;CCL5;CCL4;XCL2;XCL1;TNFRSF25;LTB;TNFRSF4;IL27RA
KEGG_2021_Human,Herpes simplex virus 1 infection,11/498,0.0008201139277736196,0.0047227250323515,0,0,3.3658505765281945,23.91796068842017,PDIA3;HLA-DMA;HLA-DMB;CCL5;HLA-DPB1;SRSF5;HLA-DOB;HLA-DQA1;HLA-DRB1;HLA-DPA1;HLA-DQB1
KEGG_2021_Human,Viral protein interaction with cytokine and cytokine receptor,4/100,0.0055040338085015,0.0306391215339918,0,0,6.010644768856448,31.269021219661248,CCL5;CCL4;XCL2;XCL1
KEGG_2021_Human,Chemokine signaling pathway,5/192,0.0117137944386931,0.06310334423425,0,0,3.867568417741428,17.199030806259973,PRKCB;CCL5;CCL4;XCL2;XCL1
KEGG_2021_Human,Apoptosis,4/142,0.0181917413429374,0.0949381501334549,0,0,4.172432032159103,16.71804876244913,PARP1;PRF1;GZMB;CTSW
KEGG_2021_Human,DNA replication,2/36,0.0265882436353675,0.1345526268820114,0,0,8.389758781210325,30.43205565682258,RNASEH2B;SSBP1
KEGG_2021_Human,Fc gamma R-mediated phagocytosis,3/97,0.0312808968957815,0.1536444053410445,0,0,4.57099907493062,15.837358488496829,FCGR3A;PRKCB;ARPC5L
KEGG_2021_Human,Osteoclast differentiation,3/127,0.0608740907959536,0.2904563760835504,0,0,3.459852734922861,9.683946623913148,FCGR3A;BTK;BLNK
KEGG_2021_Human,Human immunodeficiency virus 1 infection,4/212,0.0632982691187899,0.2936336373010533,0,0,2.758422234699607,7.612962062086635,PDIA3;APOBEC3G;PRKCB;CD247
KEGG_2021_Human,Cytosolic DNA-sensing pathway,2/63,0.0729500370178325,0.3292609778912984,0,0,4.669890317254393,12.225681771703885,CCL5;CCL4
KEGG_2021_Human,Human cytomegalovirus infection,4/225,0.0751546555193028,0.3302849334664096,0,0,2.5944446279353963,6.714960304967976,PDIA3;PRKCB;CCL5;CCL4
KEGG_2021_Human,Epithelial cell signaling in Helicobacter pylori infection,2/70,0.0874242096499606,0.3743549490139342,0,0,4.187685146000846,10.205317662564388,CCL5;ATP6V0E2
KEGG_2021_Human,Shigellosis,4/246,0.0964876518734695,0.4028359465717352,0,0,2.366773240031369,5.534321103008643,UBB;UBE2D2;CCL5;ARPC5L
KEGG_2021_Human,Endocytosis,4/252,0.1030554238366508,0.4197623361151389,0,0,2.308806216152578,5.246735205462778,SNX3;ACAP1;ARPC5L;LDLRAP1
KEGG_2021_Human,Protein processing in endoplasmic reticulum,3/171,0.1203524539453871,0.4785442811638012,0,0,2.5480072463768115,5.394974029988564,PDIA3;HSP90AA1;UBE2D2
KEGG_2021_Human,PD-L1 expression and PD-1 checkpoint pathway in cancer,2/89,0.1302904525007899,0.5060117573867887,0,0,3.269990903828661,6.664205723440155,ZAP70;CD247
KEGG_2021_Human,Mismatch repair,1/23,0.1502505322473789,0.5575964196736062,0,0,6.440584415584415,12.20781322195773,SSBP1
KEGG_2021_Human,Protein export,1/23,0.1502505322473789,0.5575964196736062,0,0,6.440584415584415,12.20781322195773,SRP9
KEGG_2021_Human,Transcriptional misregulation in cancer,3/192,0.1541093441935468,0.5594839234852681,0,0,2.262479871175523,4.231047546391801,FUS;ID2;GZMB
KEGG_2021_Human,Chagas disease,2/102,0.1618597156656959,0.5615127515943994,0,0,2.843021582733813,5.177214149817748,CCL5;CD247
KEGG_2021_Human,T cell receptor signaling pathway,2/104,0.1668349868801317,0.5615127515943994,0,0,2.7869939342643533,4.99080954824414,ZAP70;CD247
KEGG_2021_Human,Toll-like receptor signaling pathway,2/104,0.1668349868801317,0.5615127515943994,0,0,2.7869939342643533,4.99080954824414,CCL5;CCL4
KEGG_2021_Human,Folate biosynthesis,1/26,0.1681175902977243,0.5615127515943994,0,0,5.666857142857143,10.104525382158798,AKR1C3
KEGG_2021_Human,Collecting duct acid secretion,1/27,0.1739899869025282,0.569731917896514,0,0,5.448626373626373,9.528326387924151,ATP6V0E2
KEGG_2021_Human,Citrate cycle (TCA cycle),1/30,0.1913613470944011,0.6145643262454806,0,0,4.884236453201971,8.07653319521709,SUCLG2
KEGG_2021_Human,Circadian rhythm,1/31,0.1970708056032975,0.62095895350473,0,0,4.721190476190476,7.668120724962255,RORA
KEGG_2021_Human,Base excision repair,1/33,0.2083699166667786,0.6444032608028155,0,0,4.425669642857143,6.941398769847703,PARP1
KEGG_2021_Human,Propanoate metabolism,1/34,0.2139601245360977,0.6496607417732422,0,0,4.291341991341992,6.617101793996819,SUCLG2
KEGG_2021_Human,Nicotinate and nicotinamide metabolism,1/35,0.2195111343775915,0.6524227201988916,0,0,4.1649159663865545,6.315479995147492,NT5C
KEGG_2021_Human,Lysosome,2/128,0.2281421195970993,0.6524227201988916,0,0,2.2533972821742605,3.330040111243569,CTSW;LITAF
KEGG_2021_Human,African trypanosomiasis,1/37,0.2304966496511054,0.6524227201988916,0,0,3.9331349206349207,5.771950035968074,PRKCB
KEGG_2021_Human,Aldosterone-regulated sodium reabsorption,1/37,0.2304966496511054,0.6524227201988916,0,0,3.9331349206349207,5.771950035968074,PRKCB
KEGG_2021_Human,Vascular smooth muscle contraction,2/133,0.2411489159762397,0.6711978161338673,0,0,2.1668405733428524,3.0819853812214566,PPP1R14A;PRKCB
KEGG_2021_Human,Yersinia infection,2/137,0.2515799773358024,0.6787989349799447,0,0,2.102211564082068,2.901040057096425,ZAP70;ARPC5L
KEGG_2021_Human,Homologous recombination,1/41,0.2520091854416561,0.6787989349799447,0,0,3.539107142857143,4.877915070731704,SSBP1
KEGG_2021_Human,Ubiquitin mediated proteolysis,2/140,0.2594121029612576,0.6876479554687305,0,0,2.056198519445313,2.774505462671744,UBB;UBE2D2
KEGG_2021_Human,Spinocerebellar ataxia,2/143,0.2672476452551816,0.6879133952085688,0,0,2.0121434767079958,2.655183363679503,PRKCB;RORA
KEGG_2021_Human,Vasopressin-regulated water reabsorption,1/44,0.2677507226859698,0.6879133952085688,0,0,3.2916943521594684,4.33746193003851,AQP3
KEGG_2021_Human,Carbohydrate digestion and absorption,1/47,0.2831632776873629,0.6879582326126625,0,0,3.076552795031056,3.881783864417528,PRKCB
KEGG_2021_Human,Spliceosome,2/150,0.2855240704258632,0.6879582326126625,0,0,1.91629399183356,2.40193835403541,FUS;SRSF5
KEGG_2021_Human,Vibrio cholerae infection,1/50,0.2982536777952956,0.6879582326126625,0,0,2.8877551020408165,3.493637560948428,ATP6V0E2
KEGG_2021_Human,Cholesterol metabolism,1/50,0.2982536777952956,0.6879582326126625,0,0,2.8877551020408165,3.493637560948428,LDLRAP1
KEGG_2021_Human,Malaria,1/50,0.2982536777952956,0.6879582326126625,0,0,2.8877551020408165,3.493637560948428,KLRB1
KEGG_2021_Human,Ovarian steroidogenesis,1/51,0.3032133809244882,0.6879582326126625,0,0,2.829857142857143,3.376920863527839,AKR1C3
KEGG_2021_Human,Necroptosis,2/159,0.3089538409701942,0.6879582326126625,0,0,1.8056179260413323,2.120812721674832,HSP90AA1;PARP1
KEGG_2021_Human,Endocrine and other factor-regulated calcium reabsorption,1/53,0.3130286095834405,0.6879582326126625,0,0,2.720741758241758,3.1600345949397077,PRKCB
KEGG_2021_Human,JAK-STAT signaling pathway,2/162,0.3167339112254735,0.6879582326126625,0,0,1.7714928057553956,2.036673328925409,CISH;IL27RA
KEGG_2021_Human,Pyrimidine metabolism,1/56,0.3274946217748376,0.6879582326126625,0,0,2.571948051948052,2.8710235490166927,NT5C
KEGG_2021_Human,VEGF signaling pathway,1/59,0.3416581282481681,0.6879582326126625,0,0,2.4385467980295568,2.618864328688878,PRKCB
KEGG_2021_Human,Long-term depression,1/60,0.3463131630538026,0.6879582326126625,0,0,2.397094430992736,2.541907262875828,PRKCB
KEGG_2021_Human,Steroid hormone biosynthesis,1/61,0.3509355145286009,0.6879582326126625,0,0,2.3570238095238096,2.4681640622143197,AKR1C3
KEGG_2021_Human,Arachidonic acid metabolism,1/61,0.3509355145286009,0.6879582326126625,0,0,2.3570238095238096,2.4681640622143197,AKR1C3
KEGG_2021_Human,GnRH secretion,1/64,0.3646087397401554,0.6879582326126625,0,0,2.2444444444444445,2.2644883349435165,PRKCB
KEGG_2021_Human,NOD-like receptor signaling pathway,2/181,0.3654512896954354,0.6879582326126625,0,0,1.5819299867368677,1.5924059684686271,HSP90AA1;CCL5
KEGG_2021_Human,Long-term potentiation,1/67,0.37799592351267,0.6879582326126625,0,0,2.1420995670995677,2.083988406812137,PRKCB
KEGG_2021_Human,Fc epsilon RI signaling pathway,1/68,0.3823957839391759,0.6879582326126625,0,0,2.1100213219616206,2.0283616465858976,BTK
KEGG_2021_Human,Mitophagy,1/68,0.3823957839391759,0.6879582326126625,0,0,2.1100213219616206,2.0283616465858976,UBB
KEGG_2021_Human,Neutrophil extracellular trap formation,2/189,0.3855860677462038,0.6879582326126625,0,0,1.5136382872311775,1.4424834353104006,FCGR3A;PRKCB
KEGG_2021_Human,Amphetamine addiction,1/69,0.3867647402639673,0.6879582326126625,0,0,2.0788865546218487,1.974814743532142,PRKCB
KEGG_2021_Human,Prolactin signaling pathway,1/70,0.3911030079834092,0.6879582326126625,0,0,2.048654244306418,1.9232444533133408,CISH
KEGG_2021_Human,Non-small cell lung cancer,1/72,0.3996883323646519,0.6879582326126625,0,0,1.9907444668008047,1.8256524356197217,PRKCB
KEGG_2021_Human,p53 signaling pathway,1/73,0.4039358126392313,0.6879582326126625,0,0,1.962996031746032,1.779454515429452,CCNG1
KEGG_2021_Human,Pathogenic Escherichia coli infection,2/197,0.4054434400466883,0.6879582326126625,0,0,1.4509500092233905,1.3098797944122291,ARPC5L;TMBIM6
KEGG_2021_Human,Thyroid hormone synthesis,1/75,0.4123414574643692,0.6879582326126625,0,0,1.909749034749035,1.6918533399271267,PRKCB
KEGG_2021_Human,Glioma,1/75,0.4123414574643692,0.6879582326126625,0,0,1.909749034749035,1.6918533399271267,PRKCB
KEGG_2021_Human,Gastric acid secretion,1/76,0.4165000369400425,0.6879582326126625,0,0,1.884190476190476,1.6503035169788214,PRKCB
KEGG_2021_Human,Pertussis,1/76,0.4165000369400425,0.6879582326126625,0,0,1.884190476190476,1.6503035169788214,IRF8
KEGG_2021_Human,Diabetic cardiomyopathy,2/203,0.420135938516945,0.6879582326126625,0,0,1.4072085615090018,1.2202988381447215,PARP1;PRKCB
KEGG_2021_Human,Bacterial invasion of epithelial cells,1/77,0.4206293952737587,0.6879582326126625,0,0,1.8593045112781956,1.6101635249953783,ARPC5L
KEGG_2021_Human,Synaptic vesicle cycle,1/78,0.4247297363770919,0.6879582326126625,0,0,1.835064935064935,1.571370190115733,ATP6V0E2
KEGG_2021_Human,Neuroactive ligand-receptor interaction,3/341,0.432613670125851,0.6879582326126625,0,0,1.2555312580396192,1.0520224048941256,P2RX5;GZMA;PTGDR
KEGG_2021_Human,Lipid and atherosclerosis,2/215,0.4489571621003665,0.6879582326126625,0,0,1.3271185868206845,1.062793462390272,HSP90AA1;CCL5
KEGG_2021_Human,ErbB signaling pathway,1/85,0.4526364724406174,0.6879582326126625,0,0,1.681547619047619,1.3329055657412594,PRKCB
KEGG_2021_Human,Insulin secretion,1/86,0.456511847532617,0.6879582326126625,0,0,1.6616806722689077,1.3029913230800254,PRKCB
KEGG_2021_Human,PI3K-Akt signaling pathway,3/354,0.456655699833944,0.6879582326126625,0,0,1.208224947355382,0.9470376008946768,TCL1A;HSP90AA1;CD19
KEGG_2021_Human,Gap junction,1/88,0.4641810535344268,0.6879582326126625,0,0,1.6233169129720857,1.2458642404389022,PRKCB
KEGG_2021_Human,GABAergic synapse,1/89,0.4679752634863168,0.6879582326126625,0,0,1.604788961038961,1.2185801933261362,PRKCB
KEGG_2021_Human,Morphine addiction,1/91,0.4754838350131426,0.6879582326126625,0,0,1.568968253968254,1.1664061344408512,PRKCB
KEGG_2021_Human,Salivary secretion,1/93,0.4828871771972421,0.6879582326126625,0,0,1.5347049689440997,1.117222614286378,PRKCB
KEGG_2021_Human,GnRH signaling pathway,1/93,0.4828871771972421,0.6879582326126625,0,0,1.5347049689440997,1.117222614286378,PRKCB
KEGG_2021_Human,TGF-beta signaling pathway,1/94,0.4865498458007512,0.6879582326126625,0,0,1.5181259600614438,1.0936821172345188,ID2
KEGG_2021_Human,IL-17 signaling pathway,1/94,0.4865498458007512,0.6879582326126625,0,0,1.5181259600614438,1.0936821172345188,HSP90AA1
KEGG_2021_Human,Coronavirus disease,2/232,0.4883804917175948,0.6879582326126625,0,0,1.2279637159837349,0.88003306709143,PRKCB;RPL22L1
KEGG_2021_Human,Ras signaling pathway,2/232,0.4883804917175948,0.6879582326126625,0,0,1.2279637159837349,0.88003306709143,ZAP70;PRKCB
KEGG_2021_Human,Circadian entrainment,1/97,0.4973840112103608,0.6879582326126625,0,0,1.4704613095238095,1.0269597277990514,PRKCB
KEGG_2021_Human,Phosphatidylinositol signaling system,1/97,0.4973840112103608,0.6879582326126625,0,0,1.4704613095238095,1.0269597277990514,PRKCB
KEGG_2021_Human,Prostate cancer,1/97,0.4973840112103608,0.6879582326126625,0,0,1.4704613095238095,1.0269597277990514,HSP90AA1
KEGG_2021_Human,Aldosterone synthesis and secretion,1/98,0.5009447149953031,0.6879582326126625,0,0,1.4552282768777614,1.005940419515086,PRKCB
KEGG_2021_Human,Choline metabolism in cancer,1/98,0.5009447149953031,0.6879582326126625,0,0,1.4552282768777614,1.005940419515086,PRKCB
KEGG_2021_Human,mRNA surveillance pathway,1/98,0.5009447149953031,0.6879582326126625,0,0,1.4552282768777614,1.005940419515086,FUS
KEGG_2021_Human,Inflammatory mediator regulation of TRP channels,1/98,0.5009447149953031,0.6879582326126625,0,0,1.4552282768777614,1.005940419515086,PRKCB
KEGG_2021_Human,Chemical carcinogenesis,2/239,0.504100707665581,0.6879582326126625,0,0,1.1912697689949303,0.8159950301170944,HSP90AA1;PRKCB
KEGG_2021_Human,Calcium signaling pathway,2/240,0.5063211426801821,0.6879582326126625,0,0,1.1862039779940754,0.8073116162248303,P2RX5;PRKCB
KEGG_2021_Human,AGE-RAGE signaling pathway in diabetic complications,1/100,0.5079911545445953,0.6879582326126625,0,0,1.4256854256854257,0.965604255328444,PRKCB
KEGG_2021_Human,Progesterone-mediated oocyte maturation,1/100,0.5079911545445953,0.6879582326126625,0,0,1.4256854256854257,0.965604255328444,HSP90AA1
KEGG_2021_Human,Melanogenesis,1/101,0.5114772389628415,0.6879582326126625,0,0,1.4113571428571428,0.9462474917985948,PRKCB
KEGG_2021_Human,Amoebiasis,1/102,0.5149387968657654,0.6879582326126625,0,0,1.3973125884016973,0.9274064624869144,PRKCB
KEGG_2021_Human,Pancreatic secretion,1/102,0.5149387968657654,0.6879582326126625,0,0,1.3973125884016973,0.9274064624869144,PRKCB
KEGG_2021_Human,Salmonella infection,2/249,0.526014954844146,0.6912125255745944,0,0,1.1424576937640172,0.7339441098179192,HSP90AA1;ARPC5L
KEGG_2021_Human,"Parathyroid hormone synthesis, secretion and action",1/106,0.5285431727845232,0.6912125255745944,0,0,1.3438095238095238,0.8568543252232574,PRKCB
KEGG_2021_Human,Insulin resistance,1/108,0.5352026005280849,0.6912125255745944,0,0,1.3185580774365822,0.8242437226934234,PRKCB
KEGG_2021_Human,HIF-1 signaling pathway,1/109,0.5384972044993919,0.6912125255745944,0,0,1.3062830687830689,0.8085539155424988,PRKCB
KEGG_2021_Human,TNF signaling pathway,1/112,0.5482425318667428,0.6912125255745944,0,0,1.2707850707850707,0.7637894991922287,CCL5
KEGG_2021_Human,Serotonergic synapse,1/113,0.5514453491660983,0.6912125255745944,0,0,1.259375,0.749595792679056,PRKCB
KEGG_2021_Human,Cholinergic synapse,1/113,0.5514453491660983,0.6912125255745944,0,0,1.259375,0.749595792679056,PRKCB
KEGG_2021_Human,Glutamatergic synapse,1/114,0.5546256193233273,0.6912125255745944,0,0,1.248166877370417,0.7357468847444848,PRKCB
KEGG_2021_Human,Leukocyte transendothelial migration,1/114,0.5546256193233273,0.6912125255745944,0,0,1.248166877370417,0.7357468847444848,PRKCB
KEGG_2021_Human,Sphingolipid signaling pathway,1/119,0.5701942411526842,0.7001649872977814,0,0,1.1949757869249396,0.6713113493130259,PRKCB
KEGG_2021_Human,"Growth hormone synthesis, secretion and action",1/119,0.5701942411526842,0.7001649872977814,0,0,1.1949757869249396,0.6713113493130259,PRKCB
KEGG_2021_Human,Thyroid hormone signaling pathway,1/121,0.5762692924663466,0.702459648480875,0,0,1.1749404761904765,0.6476039335839441,PRKCB
KEGG_2021_Human,Platelet activation,1/124,0.5852223654855377,0.7082038770730783,0,0,1.146109175377468,0.6140433394408727,BTK
KEGG_2021_Human,Purine metabolism,1/129,0.5997286275076782,0.7205372718977141,0,0,1.1010602678571428,0.5629479065664812,NT5C
KEGG_2021_Human,Dopaminergic synapse,1/132,0.6081894034536867,0.723631147905976,0,0,1.075681570338059,0.5349030199417774,PRKCB
KEGG_2021_Human,Oxidative phosphorylation,1/133,0.6109700111062433,0.723631147905976,0,0,1.067478354978355,0.5259544876923793,ATP6V0E2
KEGG_2021_Human,Estrogen signaling pathway,1/137,0.6218978622703296,0.7313869225291905,0,0,1.0358718487394958,0.4920177977840055,HSP90AA1
KEGG_2021_Human,Fluid shear stress and atherosclerosis,1/139,0.6272469363458526,0.7325191494388629,0,0,1.0207556935817803,0.4760957443763669,HSP90AA1
KEGG_2021_Human,Signaling pathways regulating pluripotency of stem cells,1/143,0.6377206963841809,0.7395788631677654,0,0,0.9918008048289738,0.4461664235633892,ID2
KEGG_2021_Human,MicroRNAs in cancer,2/310,0.6451783590208323,0.7430674893550276,0,0,0.9133420536298236,0.4002524951318302,PRKCB;CCNG1
KEGG_2021_Human,Retrograde endocannabinoid signaling,1/148,0.6504028480626616,0.7434278030383051,0,0,0.9578231292517008,0.4120203981494781,PRKCB
KEGG_2021_Human,Pathways of neurodegeneration,3/475,0.6543945332133585,0.7434278030383051,0,0,0.8929163596168017,0.3786365816511661,UBB;PRKCB;FUS
KEGG_2021_Human,mTOR signaling pathway,1/154,0.665040762504861,0.745381257304106,0,0,0.9199813258636788,0.3752667704388063,PRKCB
KEGG_2021_Human,Oxytocin signaling pathway,1/154,0.665040762504861,0.745381257304106,0,0,0.9199813258636788,0.3752667704388063,PRKCB
KEGG_2021_Human,Ribosome,1/158,0.6744596100493319,0.7508983658549228,0,0,0.8963603275705186,0.353025676523839,RPL22L1
KEGG_2021_Human,Hepatitis B,1/162,0.6836154298968669,0.753145251708919,0,0,0.8739130434782608,0.3324013523906888,PRKCB
KEGG_2021_Human,Hippo signaling pathway,1/163,0.6858641459906567,0.753145251708919,0,0,0.8684744268077601,0.32748061004831,ID2
KEGG_2021_Human,Wnt signaling pathway,1/166,0.6925155160694256,0.753145251708919,0,0,0.8525541125541125,0.3132493838746386,PRKCB
KEGG_2021_Human,Hepatocellular carcinoma,1/168,0.6968718834654757,0.753145251708919,0,0,0.8422583404619333,0.3041847130664721,PRKCB
KEGG_2021_Human,Tight junction,1/169,0.6990270300292362,0.753145251708919,0,0,0.837202380952381,0.2997735971656394,ARPC5L
KEGG_2021_Human,RNA transport,1/186,0.7334214834281,0.7851371008493121,0,0,0.7596138996138996,0.2355066909191152,FUS
KEGG_2021_Human,Kaposi sarcoma-associated herpesvirus infection,1/193,0.7464223324450867,0.7939651561677037,0,0,0.7316592261904762,0.2139837715177604,UBB
KEGG_2021_Human,Focal adhesion,1/201,0.7605110851243482,0.8038313368086466,0,0,0.7021071428571428,0.1922120750051118,PRKCB
KEGG_2021_Human,Proteoglycans in cancer,1/205,0.7672611672286821,0.805865502686729,0,0,0.6882002801120448,0.1823235449456134,PRKCB
KEGG_2021_Human,Rap1 signaling pathway,1/210,0.7754336864965901,0.8093589102808159,0,0,0.6715652768284347,0.1708010844004466,PRKCB
KEGG_2021_Human,Regulation of actin cytoskeleton,1/218,0.7879210116776262,0.8172845276407675,0,0,0.6465437788018433,0.1541085155254543,ARPC5L
KEGG_2021_Human,Parkinson disease,1/249,0.8301285305320498,0.855749781474397,0,0,0.5648329493087557,0.1051576241584994,UBB
KEGG_2021_Human,Prion disease,1/273,0.8569783772728867,0.8780085215004423,0,0,0.5143644957983193,0.079388349217365,CCL5
KEGG_2021_Human,MAPK signaling pathway,1/294,0.8769878277188398,0.8930302879819892,0,0,0.4769868356899073,0.0626103252825934,PRKCB
KEGG_2021_Human,Pathways in cancer,2/531,0.89180681998741,0.9026165996236212,0,0,0.5257646434837008,0.0602030692406665,HSP90AA1;PRKCB
KEGG_2021_Human,Human papillomavirus infection,1/331,0.905712307434656,0.9111684056722142,0,0,0.4227056277056277,0.041862045184958,ATP6V0E2
KEGG_2021_Human,Amyotrophic lateral sclerosis,1/364,0.92565287199398,0.92565287199398,0,0,0.3836284927194018,0.0296375962633813,FUS
